Threshold,Accuracy
0.1,0.7283034425891569
0.2,0.8233353947639662
0.3,0.873015873015873
0.4,0.8814677386105958
0.5,0.8851783137497423
0.6,0.8872397443826016
0.7,0.8866213151927438
0.8,0.8864151721294579
0.9,0.8862090290661719
