Threshold,Accuracy
0.1,0.6521739130434783
0.2,0.7509881422924901
0.3,0.7984189723320159
0.4,0.857707509881423
0.5,0.8735177865612648
0.6,0.8695652173913043
0.7,0.8893280632411067
0.8,0.8893280632411067
0.9,0.8893280632411067
